Componente,Variancia_explicada,Variancia_acumulada
LD1,0.9967201606479198,0.9967201606479198
LD2,0.0032798393520802526,1.0
