Componente,Variancia_explicada,Variancia_acumulada
LD1,0.9968442265912096,0.9968442265912096
LD2,0.0031557734087902796,0.9999999999999999
