Componente,Variancia_explicada,Variancia_acumulada
LD1,0.994140490959067,0.994140490959067
LD2,0.00585950904093302,1.0
